{
	"partitions" : [
		{
			"name" : "Top",
			"pins" : [
				{
					"name" : "Q[0]",
					"strict" : false
				},
				{
					"name" : "Q[1]",
					"strict" : false
				},
				{
					"name" : "R[0]",
					"strict" : false
				},
				{
					"name" : "L",
					"strict" : false
				},
				{
					"name" : "Clock",
					"strict" : false
				},
				{
					"name" : "E",
					"strict" : false
				},
				{
					"name" : "R[1]",
					"strict" : false
				},
				{
					"name" : "w",
					"strict" : false
				}
			]
		}
	]
}